<?xml version="1.0" encoding="UTF-8"?>
<!DOCTYPE suite SYSTEM "http://testng.org/testng-1.0.dtd" >

<suite name="SlideCast">

	<listeners>
		<listener class-name="utilities.Reporting" />
	</listeners>


	<test name="SlideCast - Web Application">
		<parameter name="browser" value="chrome" />
		<classes>
		
	  <!--<<class name="test.TC_0001" />
			
		class name="test.TC_0002" />
		 <class name="test.TC_0003" />
		<class name="test.TC_0004" />
			<class name="test.TC_0005" />
			<class name="test.TC_0006" />
			<class name="test.TC_0007" />
			<class name="test.TC_0008" />
			<class name="test.TC_0009" />
			<class name="test.TC_0010" />
			
		 <class name="test.TC_0011" />
		 
			<class name="test.TC_0012" />
			<class name="test.TC_0013" />
			<class name="test.TC_0014" />
			
			<class name="test.TC_0016" />
			<class name="test.TC_0017" />
			<class name="test.TC_0018" />
			<class name="test.TC_0019" />
			<class name="test.TC_0020" />
			<class name="test.TC_0021" />
			<class name="test.TC_0022" />
			 <class name="test.TC_0031" />
			<class name="test.TC_0033" />
			<class name="test.TC_0032" />
			<class name="test.TC_0037" />
			<class name="test.TC_0038" />
			<class name="test.TC_0040" />
			<class name="test.TC_0041" />
			<class name="test.TC_0042" />
			<class name="test.TC_0046" />
			<class name="test.TC_0048" />
			<class name="test.TC_0049" />
			<class name="test.TC_0050" />
			<class name="test.TC_0051" />
			<class name="test.TC_0052" />
			<class name="test.TC_0053" />
			<class name="test.TC_0054" />
			<class name="test.TC_0055" />
			<class name="test.TC_0056" />
			<class name="test.TC_0057" />
			<class name="test.TC_0058" />
			<class name="test.TC_0059" />-->
			<class name="test.TC_0060" />
		</classes>

	</test>

</suite>